size,mode,time_ms,note
1,off,0.123456789012345,fictional
1,on,1,fictional
2,off,4,fictional
2,on,2,fictional
3,off,6,fictional
3,on,3,fictional
4,off,8,fictional
4,on,4,fictional
5,off,10,fictional
5,on,5,fictional
6,off,12,fictional
6,on,6,fictional
7,off,14,fictional
7,on,7,fictional
8,off,16,fictional
8,on,8,fictional
9,off,18,fictional
9,on,9,fictional
10,off,20,fictional
10,on,10,fictional
11,off,22,fictional
11,on,11,fictional
12,off,24,fictional
12,on,12,fictional
13,off,26,fictional
13,on,13,fictional
14,off,28,fictional
14,on,14,fictional
15,off,30,fictional
15,on,15,fictional
16,off,32,fictional
16,on,16,fictional
17,off,34,fictional
17,on,17,fictional
18,off,36,fictional
18,on,18,fictional
19,off,38,fictional
19,on,19,fictional
20,off,40,fictional
20,on,20,fictional
21,off,42,fictional
21,on,21,fictional
22,off,44,fictional
22,on,22,fictional
23,off,46,fictional
23,on,23,fictional
24,off,48,fictional
24,on,24,fictional
25,off,50,fictional
25,on,25,fictional
26,off,52,fictional
26,on,26,fictional
27,off,54,fictional
27,on,27,fictional
28,off,56,fictional
28,on,28,fictional
29,off,58,fictional
29,on,29,fictional
30,off,60,fictional
30,on,30,fictional
